source,frame,active_prt,logic_prt,submit_prt,pacing_prt,total_prt,overflow,mos_ticks,run_ticks,submitted_us,completed_us,drain_us
0,0,65535,22266,43269,0,65535,1,12,1560,118151,118171,20
0,1,65535,57523,8012,0,65535,1,16,1560,100512,100532,20
0,2,65535,65535,0,0,65535,1,16,1560,91934,91950,16
0,3,65535,65535,0,0,65535,1,16,1560,80442,80470,28
0,4,65535,65535,0,0,65535,1,14,1560,84679,84697,18
0,5,65535,63605,1930,0,65535,1,14,1560,85283,85300,17
0,6,65535,63498,2037,0,65535,1,16,1560,82145,82162,17
0,7,65535,65535,0,0,65535,1,14,1560,71584,71602,18
0,8,65535,62894,2641,0,65535,1,14,1560,86574,86591,17
0,9,65535,63672,1863,0,65535,1,16,1560,82721,82738,17
0,10,65535,65535,0,0,65535,1,16,1560,84417,84436,19
0,11,65535,65535,0,0,65535,1,16,1560,85862,85880,18
0,12,65535,65535,0,0,65535,1,16,1560,95197,95215,18
0,13,65535,65535,0,0,65535,1,16,1560,91102,91120,18
0,14,65535,65535,0,0,65535,1,16,1560,88745,88762,17
0,15,65535,65535,0,0,65535,1,18,1560,89796,89813,17
0,16,65535,65535,0,0,65535,1,18,1560,93663,93683,20
0,17,65535,65535,0,0,65535,1,18,1560,94576,94595,19
0,18,65535,65535,0,0,65535,1,16,1560,98743,98760,17
0,19,65535,65535,0,0,65535,1,18,1560,107298,107315,17
0,20,65535,65535,0,0,65535,1,18,1560,110417,110435,18
0,21,65535,65535,0,0,65535,1,18,1560,96241,96261,20
0,22,65535,65535,0,0,65535,1,16,1560,96283,96303,20
0,23,65535,65535,0,0,65535,1,18,1560,106782,106799,17
0,24,65535,65535,0,0,65535,1,16,1560,93024,93041,17
0,25,65535,65535,0,0,65535,1,16,1560,92093,92112,19
0,26,65535,65535,0,0,65535,1,16,1560,80501,80518,17
0,27,65535,65535,0,0,65535,1,16,1560,85083,85102,19
0,28,65535,65535,0,0,65535,1,16,1560,103642,103662,20
0,29,65535,65535,0,0,65535,1,16,1560,84042,84060,18
0,30,65535,65535,0,0,65535,1,14,1560,87378,87398,20
0,31,65535,60160,5375,0,65535,1,14,1560,86087,86103,16
0,32,65535,59992,5543,0,65535,1,14,1560,82746,82765,19
0,33,65535,58562,6973,0,65535,1,14,1560,69927,69946,19
0,34,65535,58656,6879,0,65535,1,12,1560,76514,76529,15
0,35,65535,52866,12669,0,65535,1,12,1560,75721,75736,15
0,36,65535,52536,12999,0,65535,1,12,1560,63932,63948,16
0,37,65535,52308,13227,0,65535,1,10,1560,65041,65057,16
0,38,65535,46758,18777,0,65535,1,12,1560,61935,61952,17
0,39,65535,51344,14191,0,65535,1,10,1560,53503,53520,17
0,40,65535,45290,20245,0,65535,1,8,1560,54522,54540,18
0,41,65535,39566,25969,0,65535,1,10,1560,67053,67067,14
0,42,65535,45314,20221,0,65535,1,10,1560,68254,68269,15
0,43,65535,45515,20020,0,65535,1,8,1560,49799,49813,14
0,44,65535,40120,25415,0,65535,1,8,1560,53747,53762,15
0,45,65535,39993,25542,0,65535,1,8,1560,67547,67561,14
0,46,65535,40588,24947,0,65535,1,10,1560,66383,66398,15
0,47,65535,46703,18832,0,65535,1,10,1560,64055,64069,14
0,48,65535,46545,18990,0,65535,1,10,1560,64761,64786,25
0,49,65535,46406,19129,0,65535,1,12,1560,62614,62629,15
0,50,65535,51891,13644,0,65535,1,10,1560,68424,68439,15
0,51,65535,46379,19156,0,65535,1,10,1560,62170,62185,15
0,52,65535,46946,18589,0,65535,1,12,1560,61994,62010,16
0,53,65535,52208,13327,0,65535,1,12,1560,61941,61959,18
0,54,65535,52830,12705,0,65535,1,10,1560,67439,67455,16
0,55,65535,47004,18531,0,65535,1,10,1560,72697,72713,16
0,56,65535,47483,18052,0,65535,1,12,1560,81729,81745,16
0,57,65535,53452,12083,0,65535,1,12,1560,77534,77549,15
0,58,65535,53517,12018,0,65535,1,12,1560,89987,90004,17
0,59,65535,53339,12196,0,65535,1,14,1560,86868,86882,14
0,60,65535,58739,6796,0,65535,1,14,1560,73569,73584,15
0,61,65535,59095,6440,0,65535,1,12,1560,75945,75960,15
0,62,65535,52763,12772,0,65535,1,12,1560,75815,75830,15
0,63,65535,52543,12992,0,65535,1,10,1560,74538,74550,12
0,64,65535,46215,19320,0,65535,1,10,1560,76358,76370,12
0,65,65535,46707,18828,0,65535,1,14,1560,76805,76820,15
0,66,65535,58333,7202,0,65535,1,12,1560,79596,79610,14
0,67,65535,52928,12607,0,65535,1,12,1560,81457,81472,15
0,68,65535,52995,12540,0,65535,1,14,1560,88045,88060,15
0,69,65535,58490,7045,0,65535,1,14,1560,84134,84149,15
0,70,65535,58922,6613,0,65535,1,14,1560,90031,90046,15
0,71,65535,58349,7186,0,65535,1,12,1560,91411,91428,17
0,72,65535,52239,13296,0,65535,1,12,1560,73913,73928,15
0,73,65535,51502,14033,0,65535,1,10,1560,84455,84470,15
0,74,65535,46200,19335,0,65535,1,12,1560,82943,82960,17
0,75,65535,52557,12978,0,65535,1,12,1560,78603,78619,16
0,76,65535,52861,12674,0,65535,1,14,1560,94058,94076,18
0,77,65535,57841,7694,0,65535,1,14,1560,87380,87397,17
0,78,65535,58164,7371,0,65535,1,14,1560,80248,80265,17
0,79,65535,57048,8487,0,65535,1,12,1560,77618,77635,17
0,80,65535,51909,13626,0,65535,1,12,1560,77720,77735,15
0,81,65535,51342,14193,0,65535,1,12,1560,80202,80219,17
0,82,65535,51655,13880,0,65535,1,12,1560,83635,83653,18
0,83,65535,51638,13897,0,65535,1,10,1560,70345,70364,19
0,84,65535,46089,19446,0,65535,1,10,1560,66177,66195,18
0,85,65535,46257,19278,0,65535,1,10,1560,82378,82397,19
0,86,65535,45961,19574,0,65535,1,12,1560,76628,76646,18
0,87,65535,51479,14056,0,65535,1,14,1560,77261,77280,19
0,88,65535,57025,8510,0,65535,1,14,1560,78872,78889,17
0,89,65535,57256,8279,0,65535,1,12,1560,81076,81092,16
0,90,65535,50859,14676,0,65535,1,14,1560,72527,72542,15
0,91,65535,57520,8015,0,65535,1,14,1560,77909,77926,17
0,92,65535,57143,8392,0,65535,1,14,1560,77146,77163,17
0,93,65535,56828,8707,0,65535,1,12,1560,80468,80485,17
0,94,65535,51036,14499,0,65535,1,14,1560,73805,73822,17
0,95,65535,57008,8527,0,65535,1,14,1560,79122,79139,17
0,96,65535,56973,8562,0,65535,1,14,1560,78759,78776,17
0,97,65535,57066,8469,0,65535,1,12,1560,65572,65586,14
0,98,65535,50508,15027,0,65535,1,12,1560,76936,76950,14
0,99,65535,51282,14253,0,65535,1,14,1560,72792,72809,17
0,100,65535,57156,8379,0,65535,1,14,1560,76965,76982,17
0,101,65535,57120,8415,0,65535,1,12,1560,65472,65489,17
0,102,65535,52076,13459,0,65535,1,12,1560,77184,77212,28
0,103,65535,52759,12776,0,65535,1,12,1560,70482,70499,17
0,104,65535,52335,13200,0,65535,1,12,1560,61536,61553,17
0,105,65535,52600,12935,0,65535,1,10,1560,69098,69115,17
0,106,65535,46453,19082,0,65535,1,12,1560,60251,60265,14
0,107,65535,51660,13875,0,65535,1,10,1560,69692,69706,14
0,108,65535,46713,18822,0,65535,1,12,1560,62502,62519,17
0,109,65535,52442,13093,0,65535,1,12,1560,80072,80089,17
0,110,65535,52714,12821,0,65535,1,12,1560,78440,78457,17
0,111,65535,53121,12414,0,65535,1,12,1560,81826,81854,28
0,112,65535,53298,12237,0,65535,1,12,1560,84911,84928,17
0,113,65535,53826,11709,0,65535,1,12,1560,81591,81608,17
0,114,65535,53591,11944,0,65535,1,14,1560,77616,77632,16
0,115,65535,58808,6727,0,65535,1,14,1560,88728,88742,14
0,116,65535,58004,7531,0,65535,1,12,1560,81176,81191,15
0,117,65535,52685,12850,0,65535,1,12,1560,85159,85176,17
0,118,65535,52655,12880,0,65535,1,14,1560,86865,86882,17
0,119,65535,58526,7009,0,65535,1,12,1560,90812,90829,17
