symbol,address_hex,code_bytes
_emos_cmd,0x003763,3362
_displayDirectory,0x00c46d,3246
_f_open,0x013823,2586
_resolvePath,0x00f930,2507
_mount_volume,0x012e93,2448
_npf_vpprintf,0x01b4c0,2185
_editline,0x00e628,1966
_f_printf,0x0195bc,1958
_follow_path,0x01423d,1791
_getLengthForResolvedPath,0x00f3e8,1352
_dir_register,0x01493c,1351
_mos_exec,0x008f8b,1256
_emos_admission_idle,0x00489d,1244
_f_getcwd,0x0163dc,1216
_f_mkdir,0x01852f,1157
_gsRead,0x01120a,1150
_mos_REN,0x00a925,1125
_f_write,0x0156c5,1111
_emos_sdlink_gateway,0x007517,1096
_f_rename,0x018b08,1019
_f_lseek,0x0173b2,991
_umm_multi_realloc,0x01ac4d,952
_qsort,0x01c304,920
_emos_gateway,0x002e09,895
_get_fileinfo,0x017042,880
_f_read,0x0152ee,866
_create_chain,0x015b1c,862
_substituteArgs,0x011d9b,826
_dir_find,0x019f3f,816
_f_unlink,0x01815f,789
_emos_uart_flow,0x00795f,785
_mos_cmdOBEY,0x009ff5,776
_mos_DIRFallback,0x00c17d,752
_dir_read,0x016ad7,736
_put_fat,0x01a26f,735
_emos_parallel_engine_write,0x006cca,715
_text_exchange,0x00832b,702
_mos_COPY,0x00adf8,692
_strtol,0x01c7af,690
_f_getfree,0x017d78,657
_emos_keyboard_select,0x005ca4,655
_dir_next,0x016db7,651
_umm_malloc_core,0x01a9c7,646
_get_fat,0x01506a,644
_mos_cmdDEL,0x00a43c,642
_pattern_match,0x017a47,626
_insertString,0x00e000,623
_mos_cmdHELP,0x00bcc2,589
_f_setlabel,0x0190a1,587
_emos_general_poll,0x007fe3,574
_emos_parallel_engine_read,0x006f95,574
_dir_sdi,0x01689c,571
_emos_request_mode,0x0032d1,558
_extractNumber,0x01170f,548
_mos_cmdHOTKEY,0x009947,533
_setVarVal,0x010a7c,530
_getDirectoryForPath,0x00f1af,524
_emos_uart_probe,0x007d73,519
_send_control,0x004669,518
_check_fs,0x019d62,477
_emos_console_packet,0x0050c9,473
_emos_run_utility,0x003595,462
_resolveRelativePath,0x0102fb,450
_sync_fs,0x016056,450
_main,0x0028fb,422
_emos_parallel_handover_admit,0x005762,416
_mos_runOrLoadFile,0x008d0a,416
_f_getlabel,0x018f03,414
_emos_keyboard_text,0x006130,409
_printCommandInfo,0x00bb2b,407
_readVarVal,0x010df2,389
_f_opendir,0x017791,387
_mos_setupSystemVariables,0x00dd46,367
_countDirEntries,0x00bfd1,364
_mos_TYPE,0x00b95b,355
_pmatch,0x012420,355
_expandVariable,0x010f77,351
_ff_wtoupper,0x01a664,349
_extractString,0x011a26,344
_f_truncate,0x018009,342
_writeDate,0x00d9d6,342
_dir_clear,0x0189b4,340
_mos_DIR,0x00957c,336
_f_chdir,0x01628d,335
_mos_cmdTIME,0x00b5ac,330
_escapeString,0x011b7e,327
_remove_chain,0x014e83,325
_mos_cmdIF,0x009bcf,324
_handleHotkey,0x00e3fd,317
_emos_parallel_handover_step,0x00733c,314
_emos_keyboard_layout,0x005fff,305
_mos_cmdIFTHERE,0x009d13,305
_emos_parallel_epoch_enter,0x0066e6,301
_mos_I2C_READ,0x0087b6,301
_f_sync,0x015f2f,295
_mos_I2C_WRITE,0x008696,288
_mos_cmdMEM,0x00b7cf,286
_umm_heap_stats,0x01b380,277
_mos_cmdVDU,0x00b498,276
_mos_cmdPRINTF,0x0097f1,275
_copyFile,0x0105de,271
_wait_ESP32,0x00268c,266
_mos_cmdSHOW,0x00b332,260
_mos_EXEC,0x009ef3,258
_umm_free_core,0x01a8a7,255
_mos_cmdDIR,0x009483,249
_emos_parallel_engine_configure,0x006b3e,243
_gsTrans,0x011933,243
_updateSystemVariable,0x0108da,243
_emos_admission_binding,0x004da0,241
_mos_runBinFile,0x008b57,229
_writeTime,0x00db99,226
_mos_execAlias,0x008eaa,225
_open_UART1,0x012712,225
_isDirectory,0x00f05d,223
_evaluateExpression,0x010c8e,219
_editHistoryPush,0x00ee26,218
_umm_assimilate_up,0x01b005,213
_cleanup,0x005a7a,212
_emos_parallel_wait_ready,0x0071d3,210
_emos_keyboard_dispatch,0x005bd3,209
_findTermStart,0x00e53a,208
_get_fattime,0x012cd1,206
_mos_LOAD,0x008c3c,206
_rainbow_msg,0x0027ce,203
_insertCharacter,0x00df3d,195
_uart1_keyboard_open,0x012957,194
_mos_cmdSETEVAL,0x00b1bc,193
_dir_remove,0x018474,187
_rtc_unpack,0x002adf,187
_umm_split_block,0x01b207,187
_wait_reply,0x005504,187
_open_UART0,0x012658,186
_emos_console_prepare,0x0052f9,182
_mos_trim,0x008a0f,182
_exchange,0x0053af,181
_sync_window,0x015e7a,181
_emos_admission_dispatch,0x004f70,179
_ff_uni2oem,0x01a54e,179
_getSystemVariable,0x0106ed,175
_mos_SAVE,0x00a38d,175
_gsInit,0x0110d6,173
_emos_text_valid,0x008221,171
_emos_console_notice,0x0056b8,170
_stristr,0x01223e,170
_dir_alloc,0x0192ec,167
_umm_multi_init_heap,0x01a7c1,167
_crc,0x005023,166
_editHistorySet,0x00ef48,165
_emos_application_enter,0x00320c,165
_f_gets,0x019393,165
_mos_SETRTC,0x00b6f6,162
_move_window,0x014fc8,162
_mos_FCLOSE,0x00d392,161
_emos_console_commit,0x005464,160
_f_readdir,0x01793e,157
_isMoslet,0x0104bd,156
_umm_disconnect_from_free_list,0x01b0da,156
_emos_parallel_write_stream,0x0068cc,153
_getArgument,0x011d02,153
_mos_cmdRUN,0x00a715,152
_sprintf,0x01bd59,151
_mos_FOPEN,0x00d2fc,150
_mos_DEL,0x00d15c,148
_deleteCharacter,0x00e26f,146
_console_crc,0x005902,145
_umm_assimilate_down,0x01b176,145
_emos_parallel_init,0x006656,144
_f_mount,0x012d9f,144
_mos_cmdSAVE,0x00a2fd,144
_npf_utoa_rev,0x01bdf0,144
_f_stat,0x017ce9,143
_createSystemVariable,0x01079c,141
_strncasecmp,0x0121b1,141
_init_timer0,0x012583,138
_expandMacro,0x010d69,137
_mos_cmdTRY,0x0096e2,137
_createOrUpdateSystemVariable,0x010852,136
_gsDispose,0x011183,135
_gsPop,0x011688,135
_mos_cmdECHO,0x00976b,134
_mos_cmdSET,0x00b136,134
_emos_admission_leave,0x0045e4,133
_emos_keyboard_tick,0x005b4e,133
_getResolvedPath,0x010559,133
_emos_sdlink_packet,0x007493,132
_emos_admission_reset,0x00454c,131
_putc_bfd,0x019478,131
_writeYear,0x00d8e7,130
_rtc_formatDateTime,0x002b9a,128
_rtc_formatDate,0x002c1a,127
_mos_input,0x00892e,124
_uart1_keyboard_park,0x012a81,121
_emos_admission_terminal,0x004e91,119
_readYear,0x00d871,118
_validate,0x015650,117
_silence,0x007cff,116
_mos_cmdLOAD,0x009e44,115
_printEscapedString,0x009b5c,115
_emos_parallel_epoch_leave,0x00685b,113
_mos_cmdSETMACRO,0x00b27d,113
_substituteArguments,0x0120d5,113
_editHistoryDown,0x00efed,112
_publish,0x0059b7,112
_emos_keyboard_parallel_reserve,0x006376,111
_emos_parallel_ez80_read_ticks,0x006acf,111
_mos_FGETC,0x00d433,111
_mos_cmdCOPY,0x00ad8a,110
_mos_cmdREN,0x00a8b7,110
_rtc_dayFromName,0x002d34,110
_rtc_monthFromName,0x002cc6,110
_step,0x007c91,110
_mos_runBin,0x008ac5,109
_readDate,0x00d969,109
_readTime,0x00db2c,109
_f_findnext,0x0179db,108
_removeSystemVariable,0x0109cd,108
_strcasecmp,0x012146,107
_emos_keyboard_transport_claim,0x0062c9,106
_clock_step,0x007f7a,105
_mos_COPY_API,0x00d259,105
_mos_REN_API,0x00d1f0,105
_u32,0x004f08,104
_fat_getfree,0x00d798,103
_putc_flush,0x0194fb,103
_mos_getCommand,0x0089aa,101
_writeVDPSetting,0x00dc7b,101
_emos_console_publish,0x0055bf,100
_emos_keyboard_send,0x006572,100
_get_ldnumber,0x012e2f,100
_emos_keyboard_parallel_park,0x0063e5,99
_ff_oem2uni,0x01a601,99
_mos_cmdUNSET,0x00b436,98
_emos_identity_valid,0x003188,96
_emos_keyboard_parallel_send,0x0064cd,96
_mos_CD,0x00a857,96
_emos_text_probe,0x0082cc,95
_emos_admission_packet,0x0044ef,93
_getFilepathLeafname,0x00f152,93
_f_puts,0x019562,90
_setting,0x005f83,89
_effect,0x0052a2,87
_mos_cmdRUNBIN,0x00a7ad,86
_removeEditLine,0x00e3aa,83
_emos_select_fake,0x004485,82
_gotoEditLineStart,0x00e317,81
_deadline_step,0x005f33,80
_mos_strndup,0x0123d0,80
_release_key,0x0065d6,80
_uart1_keyboard_unpark,0x012afa,80
_writeKeyboard,0x00dce0,80
_mos_mount,0x00badc,79
_bootmsg,0x002899,78
_emos_parallel_engine_open,0x006c31,78
_mos_MKDIR,0x00b0e8,78
_uart1_try_put,0x012909,78
_emos_keyboard_parallel_release,0x006480,77
_readCWD,0x00d824,77
_uart1_claim_rts,0x012835,76
_emos_parallel_engine_close,0x006c7f,75
_uart1_keyboard_close,0x012a36,75
_editHistoryUp,0x00ef00,72
_SD_readBlocks_API,0x012bc3,71
_SD_writeBlocks_API,0x012c0a,71
_SD_getUnlockCode,0x012b5b,70
_emos_console_recover,0x005623,70
_mos_GETFIL,0x00d4a2,70
_mos_strcspn,0x012344,70
_mos_strspn,0x01238a,70
_mos_FREAD,0x00d52c,69
_mos_FWRITE,0x00d571,69
_send_reserved,0x00652d,69
_uart1_try_get,0x0128c4,69
_autoPageOutput,0x00b2ee,68
_mos_GETERROR,0x00d633,68
_mos_LOAD_API,0x00bf0f,68
_mos_SAVE_API,0x00bf53,68
_readPalette,0x00dee3,68
_umm_multi_calloc,0x01b2c2,68
_emos_keyboard_transport_release,0x006333,67
_findParentSystemVariable,0x010a39,67
_uart1_receive_ready,0x012881,67
_xdigit_to_int,0x009904,67
_close_UART1,0x0127f3,66
_emos_parallel_route_enter,0x0069b7,66
_gotoEditLineEnd,0x00e368,66
_cmp_filinfo,0x00d11b,65
_f_putc,0x019438,64
_mos_DIR_API,0x00c13d,64
_mos_cmdJMP,0x00a6be,64
_umm_multi_free,0x01a868,63
_rtc_update,0x002aa1,62
_expandVariableToken,0x011cc5,61
_emos_adapter_ready,0x00352b,60
_emos_init,0x002dae,60
_emos_keyboard_fault,0x005a3e,60
_f_chdrive,0x016251,60
_mos_cmdCD,0x00a81b,60
_mos_cmdEXEC,0x009eb7,60
_mos_cmdMKDIR,0x00b0ac,60
_mos_cmdTYPE,0x00b91f,60
_mos_CD_API,0x00bf97,58
_mos_MKDIR_API,0x00d2c2,58
_f_close,0x016218,57
_emos_keyboard_parallel_unpark,0x006448,56
_mos_GETRTC,0x00b798,55
_mos_error,0x0088e3,54
_mos_strdup,0x01230e,54
_mos_FEOF,0x00d5fe,53
_mos_OSCLI,0x00d677,52
_fat_lseek,0x00d765,51
_fat_size,0x00d726,50
_fat_tell,0x00d6f4,50
_mos_I2C_OPEN,0x008656,50
_mos_cmdCREDITS,0x00b8ed,50
_editHistoryInit,0x00edf5,49
_init_interrupts,0x002796,49
_emos_console_write_stream,0x005669,48
_f_findfirst,0x017cb9,48
_transmit_block,0x006626,48
_emos_parallel_uart1_guard_acquire,0x006a54,47
_mos_UNPACKRTC,0x00d6ab,47
_emos_parallel_generation_next,0x0072c4,46
_getModeInformation,0x00deb5,46
_checkAttribute,0x00f3bb,45
_disk_read,0x012c6d,45
_disk_write,0x012c9a,45
_emos_parallel_release_local_pins,0x00682e,45
_rtc_formatTime,0x002c99,45
_emos_adapter_recover,0x0034ff,44
_mos_FLSEEK,0x00d5b6,43
_printf,0x01b495,43
_emos_parallel_last_fault,0x006988,42
_f_closedir,0x017914,42
_insertSystemVariable,0x010829,41
_emos_parallel_ez80_write_control,0x006aa8,39
_nonzero,0x004d79,39
_mos_strnlen,0x0122e8,38
_mos_execMode,0x008b32,37
_npf_bufputc,0x01be80,37
_wait_VDP,0x00d7ff,37
_emos_keyboard_mainboard,0x005993,36
_emos_zero,0x0031e8,36
_emos_parallel_write_byte,0x006965,35
_transmit,0x005fdc,35
_SD_init_API,0x012ba1,34
_fat_EOF,0x00d4e8,34
_mos_FPUTC,0x00d50a,34
_ready,0x007c70,33
_umm_multi_malloc,0x01a9a6,33
_emos_cli_editline,0x00edd6,31
_emos_console_write_byte,0x005699,31
_emos_parallel_engine_fault,0x0072a5,31
_emos_print_identity,0x002dea,31
_emos_parallel_handover_begin,0x00731e,30
_mos_EDITLINE,0x00e60a,30
_I2C_setfrequency,0x008606,29
_emos_admission_core,0x003567,29
_emos_sdlink_reset,0x007476,29
_emos_visible_text,0x0085e9,29
_mos_FLSEEKP,0x00d5e1,29
_uart1_keyboard_stop,0x012a19,29
_I2C_handletimeout,0x00863b,27
_emos_application_leave,0x0032b1,27
_emos_parallel_ensure_initialized,0x006813,27
_emos_parallel_handover_init,0x0072f2,26
_emos_parallel_route_write_stream,0x006a0c,26
_enable_timer0,0x01260d,26
_mos_SETINTVECTOR,0x00d6da,26
_umm_calloc,0x01b336,26
_umm_init_heap,0x01b306,26
_umm_realloc,0x01b350,26
_emos_application_context,0x0044d7,24
_emos_parallel_route_owned,0x006a3c,24
_init_I2C,0x008623,24
_mos_cmdRUNFILE,0x00a803,24
_emos_keyboard_mainboard_settings,0x005a27,23
_mos_cmdLOADFILE,0x00a6fe,23
_emos_parallel_route_write_byte,0x006a26,22
_getFilepathPrefixEnd,0x00f13c,22
_mos_cmdDO,0x0096cc,22
_umm_free,0x01b36a,22
_umm_malloc,0x01b320,22
_waitKey,0x00e301,22
_writeConsole,0x00dd30,22
_clear_wait,0x0045cf,21
_mos_getkey,0x008919,21
_disk_initialize,0x012c59,20
_mos_cmdCLS,0x00babe,20
_shiftPressed,0x0028e7,20
_emos_parallel_route_leave,0x0069f9,19
_emos_parallel_ez80_read_ready,0x006a89,18
_emos_parallel_handover_cancel,0x00730c,18
_emos_admission_run,0x003584,17
_init_UART0,0x012636,17
_init_UART1,0x012647,17
_uart1_keyboard_irq_done,0x012b4a,17
_emos_admission_application,0x00488d,16
_emos_admission_excom,0x00487d,16
_firmware_putc,0x01bd49,16
_mos_cmdDISC,0x009473,16
_get_timer0,0x012627,15
_emos_admission_dispatching,0x00486f,14
_mos_I2C_CLOSE,0x008688,14
_emos_parallel_ez80_write_data,0x006a9b,13
_fat_error,0x00d758,13
_emos_read24,0x002da2,12
_doLeftCursor,0x00df27,11
_doRightCursor,0x00df32,11
_disk_ioctl,0x012cc7,10
_mos_cmdMOUNT,0x00bad2,10
_disk_status,0x012c51,8
_npf_bufputc_nop,0x01bea5,7
_quickrand,0x0027c7,7
_emos_parallel_uart1_guard_release,0x006a83,6
_emos_get_mode,0x0032cc,5
_emos_parallel_epoch_owned,0x0069b2,5
