numeric-guard-probe-r02,correctness-only,raw-ticks-120Hz
begin,0,page=0,format=0,kind=0
probe,0,160,12,170,0,0,170,0,0,1
probe,0,22,182,0,0,170,0,0,170,1
probe,0,77,99,999,999,999,0,0,0,1
probe,0,80,99,999,999,999,0,0,0,1
probe,0,83,99,999,999,999,0,0,0,1
probe,0,86,99,999,999,999,0,0,0,1
probe,0,77,102,999,999,999,0,0,0,1
probe,0,80,102,999,999,999,255,255,255,1
probe,0,83,102,999,999,999,255,255,255,1
probe,0,86,102,999,999,999,0,0,0,1
probe,0,77,105,999,999,999,0,0,0,1
probe,0,80,105,999,999,999,0,0,0,1
probe,0,83,105,999,999,999,0,0,0,1
probe,0,86,105,999,999,999,0,0,0,1
probe,0,77,108,999,999,999,0,0,0,1
probe,0,80,108,999,999,999,0,0,0,1
probe,0,83,108,999,999,999,0,0,0,1
probe,0,86,108,999,999,999,0,0,0,1
probe,0,81,103,255,255,255,255,255,255,1
begin,1,page=0,format=0,kind=1
probe,1,160,12,170,0,0,170,0,0,1
probe,1,22,182,0,0,170,0,0,170,1
probe,1,77,99,999,999,999,0,0,0,1
probe,1,80,99,999,999,999,0,0,0,1
probe,1,83,99,999,999,999,0,0,0,1
probe,1,86,99,999,999,999,0,0,0,1
probe,1,77,102,999,999,999,0,0,0,1
probe,1,80,102,999,999,999,255,255,255,1
probe,1,83,102,999,999,999,255,255,255,1
probe,1,86,102,999,999,999,0,0,0,1
probe,1,77,105,999,999,999,0,0,0,1
probe,1,80,105,999,999,999,0,0,0,1
probe,1,83,105,999,999,999,0,0,0,1
probe,1,86,105,999,999,999,0,0,0,1
probe,1,77,108,999,999,999,0,0,0,1
probe,1,80,108,999,999,999,0,0,0,1
probe,1,83,108,999,999,999,0,0,0,1
probe,1,86,108,999,999,999,0,0,0,1
probe,1,81,103,255,255,255,255,255,255,1
begin,2,page=0,format=0,kind=2
probe,2,160,12,170,0,0,170,0,0,1
probe,2,22,182,0,0,170,0,0,170,1
probe,2,77,99,999,999,999,0,0,0,1
probe,2,80,99,999,999,999,0,0,0,1
probe,2,83,99,999,999,999,0,0,0,1
probe,2,86,99,999,999,999,0,0,0,1
probe,2,77,102,999,999,999,0,0,0,1
probe,2,80,102,999,999,999,0,0,0,1
probe,2,83,102,999,999,999,0,0,0,1
probe,2,86,102,999,999,999,0,0,0,1
probe,2,77,105,999,999,999,0,0,0,1
probe,2,80,105,999,999,999,0,0,0,1
probe,2,83,105,999,999,999,0,0,0,1
probe,2,86,105,999,999,999,0,0,0,1
probe,2,77,108,999,999,999,0,0,0,1
probe,2,80,108,999,999,999,0,0,0,1
probe,2,83,108,999,999,999,0,0,0,1
probe,2,86,108,999,999,999,0,0,0,1
probe,2,81,103,0,0,0,0,0,0,1
begin,3,page=0,format=0,kind=3
probe,3,160,12,170,0,0,170,0,0,1
probe,3,22,182,0,0,170,0,0,170,1
probe,3,77,99,999,999,999,0,0,0,1
probe,3,80,99,999,999,999,0,0,0,1
probe,3,83,99,999,999,999,0,0,0,1
probe,3,86,99,999,999,999,0,0,0,1
probe,3,77,102,999,999,999,0,0,0,1
probe,3,80,102,999,999,999,0,0,0,1
probe,3,83,102,999,999,999,0,0,0,1
probe,3,86,102,999,999,999,0,0,0,1
probe,3,77,105,999,999,999,0,0,0,1
probe,3,80,105,999,999,999,0,0,0,1
probe,3,83,105,999,999,999,0,0,0,1
probe,3,86,105,999,999,999,0,0,0,1
probe,3,77,108,999,999,999,0,0,0,1
probe,3,80,108,999,999,999,0,0,0,1
probe,3,83,108,999,999,999,0,0,0,1
probe,3,86,108,999,999,999,0,0,0,1
probe,3,81,103,0,0,0,0,0,0,1
begin,4,page=0,format=0,kind=4
probe,4,160,12,170,0,0,170,0,0,1
probe,4,22,182,0,0,170,0,0,170,1
probe,4,77,99,999,999,999,0,0,0,1
probe,4,80,99,999,999,999,0,0,0,1
probe,4,83,99,999,999,999,0,0,0,1
probe,4,86,99,999,999,999,0,0,0,1
probe,4,77,102,999,999,999,0,0,0,1
probe,4,80,102,999,999,999,0,0,0,1
probe,4,83,102,999,999,999,0,0,0,1
probe,4,86,102,999,999,999,0,0,0,1
probe,4,77,105,999,999,999,0,0,0,1
probe,4,80,105,999,999,999,0,0,0,1
probe,4,83,105,999,999,999,0,0,0,1
probe,4,86,105,999,999,999,0,0,0,1
probe,4,77,108,999,999,999,0,0,0,1
probe,4,80,108,999,999,999,0,0,0,1
probe,4,83,108,999,999,999,0,0,0,1
probe,4,86,108,999,999,999,0,0,0,1
probe,4,81,103,0,0,0,0,0,0,1
begin,5,page=0,format=1,kind=0
probe,5,160,12,170,0,0,170,0,0,1
probe,5,22,182,0,0,170,0,0,170,1
probe,5,77,99,999,999,999,0,0,0,1
probe,5,80,99,999,999,999,0,0,0,1
probe,5,83,99,999,999,999,0,0,0,1
probe,5,86,99,999,999,999,0,0,0,1
probe,5,77,102,999,999,999,0,0,0,1
probe,5,80,102,999,999,999,255,255,255,1
probe,5,83,102,999,999,999,255,255,255,1
probe,5,86,102,999,999,999,0,0,0,1
probe,5,77,105,999,999,999,0,0,0,1
probe,5,80,105,999,999,999,0,0,0,1
probe,5,83,105,999,999,999,0,0,0,1
probe,5,86,105,999,999,999,0,0,0,1
probe,5,77,108,999,999,999,0,0,0,1
probe,5,80,108,999,999,999,0,0,0,1
probe,5,83,108,999,999,999,0,0,0,1
probe,5,86,108,999,999,999,0,0,0,1
probe,5,81,103,255,255,255,255,255,255,1
begin,6,page=0,format=1,kind=1
probe,6,160,12,170,0,0,170,0,0,1
probe,6,22,182,0,0,170,0,0,170,1
probe,6,77,99,999,999,999,0,0,0,1
probe,6,80,99,999,999,999,0,0,0,1
probe,6,83,99,999,999,999,0,0,0,1
probe,6,86,99,999,999,999,0,0,0,1
probe,6,77,102,999,999,999,0,0,0,1
probe,6,80,102,999,999,999,255,255,255,1
probe,6,83,102,999,999,999,255,255,255,1
probe,6,86,102,999,999,999,0,0,0,1
probe,6,77,105,999,999,999,0,0,0,1
probe,6,80,105,999,999,999,0,0,0,1
probe,6,83,105,999,999,999,0,0,0,1
probe,6,86,105,999,999,999,0,0,0,1
probe,6,77,108,999,999,999,0,0,0,1
probe,6,80,108,999,999,999,0,0,0,1
probe,6,83,108,999,999,999,0,0,0,1
probe,6,86,108,999,999,999,0,0,0,1
probe,6,81,103,255,255,255,255,255,255,1
begin,7,page=0,format=1,kind=2
probe,7,160,12,170,0,0,170,0,0,1
probe,7,22,182,0,0,170,0,0,170,1
probe,7,77,99,999,999,999,0,0,0,1
probe,7,80,99,999,999,999,0,0,0,1
probe,7,83,99,999,999,999,0,0,0,1
probe,7,86,99,999,999,999,0,0,0,1
probe,7,77,102,999,999,999,0,0,0,1
probe,7,80,102,999,999,999,0,0,0,1
probe,7,83,102,999,999,999,0,0,0,1
probe,7,86,102,999,999,999,0,0,0,1
probe,7,77,105,999,999,999,0,0,0,1
probe,7,80,105,999,999,999,0,0,0,1
probe,7,83,105,999,999,999,0,0,0,1
probe,7,86,105,999,999,999,0,0,0,1
probe,7,77,108,999,999,999,0,0,0,1
probe,7,80,108,999,999,999,0,0,0,1
probe,7,83,108,999,999,999,0,0,0,1
probe,7,86,108,999,999,999,0,0,0,1
probe,7,81,103,0,0,0,0,0,0,1
begin,8,page=0,format=1,kind=3
probe,8,160,12,170,0,0,170,0,0,1
probe,8,22,182,0,0,170,0,0,170,1
probe,8,77,99,999,999,999,0,0,0,1
probe,8,80,99,999,999,999,0,0,0,1
probe,8,83,99,999,999,999,0,0,0,1
probe,8,86,99,999,999,999,0,0,0,1
probe,8,77,102,999,999,999,0,0,0,1
probe,8,80,102,999,999,999,0,0,0,1
probe,8,83,102,999,999,999,0,0,0,1
probe,8,86,102,999,999,999,0,0,0,1
probe,8,77,105,999,999,999,0,0,0,1
probe,8,80,105,999,999,999,0,0,0,1
probe,8,83,105,999,999,999,0,0,0,1
probe,8,86,105,999,999,999,0,0,0,1
probe,8,77,108,999,999,999,0,0,0,1
probe,8,80,108,999,999,999,0,0,0,1
probe,8,83,108,999,999,999,0,0,0,1
probe,8,86,108,999,999,999,0,0,0,1
probe,8,81,103,0,0,0,0,0,0,1
begin,9,page=0,format=1,kind=4
probe,9,160,12,170,0,0,170,0,0,1
probe,9,22,182,0,0,170,0,0,170,1
probe,9,77,99,999,999,999,0,0,0,1
probe,9,80,99,999,999,999,0,0,0,1
probe,9,83,99,999,999,999,0,0,0,1
probe,9,86,99,999,999,999,0,0,0,1
probe,9,77,102,999,999,999,0,0,0,1
probe,9,80,102,999,999,999,0,0,0,1
probe,9,83,102,999,999,999,0,0,0,1
probe,9,86,102,999,999,999,0,0,0,1
probe,9,77,105,999,999,999,0,0,0,1
probe,9,80,105,999,999,999,0,0,0,1
probe,9,83,105,999,999,999,0,0,0,1
probe,9,86,105,999,999,999,0,0,0,1
probe,9,77,108,999,999,999,0,0,0,1
probe,9,80,108,999,999,999,0,0,0,1
probe,9,83,108,999,999,999,0,0,0,1
probe,9,86,108,999,999,999,0,0,0,1
probe,9,81,103,0,0,0,0,0,0,1
begin,10,page=0,format=2,kind=0
probe,10,160,12,170,0,0,170,0,0,1
probe,10,22,182,0,0,170,0,0,170,1
probe,10,77,99,999,999,999,0,0,0,1
probe,10,80,99,999,999,999,0,0,0,1
probe,10,83,99,999,999,999,0,0,0,1
probe,10,86,99,999,999,999,0,0,0,1
probe,10,77,102,999,999,999,0,0,0,1
probe,10,80,102,999,999,999,255,255,255,1
probe,10,83,102,999,999,999,255,255,255,1
probe,10,86,102,999,999,999,0,0,0,1
probe,10,77,105,999,999,999,0,0,0,1
probe,10,80,105,999,999,999,0,0,0,1
probe,10,83,105,999,999,999,0,0,0,1
probe,10,86,105,999,999,999,0,0,0,1
probe,10,77,108,999,999,999,0,0,0,1
probe,10,80,108,999,999,999,0,0,0,1
probe,10,83,108,999,999,999,0,0,0,1
probe,10,86,108,999,999,999,0,0,0,1
probe,10,81,103,255,255,255,255,255,255,1
begin,11,page=0,format=2,kind=1
probe,11,160,12,170,0,0,170,0,0,1
probe,11,22,182,0,0,170,0,0,170,1
probe,11,77,99,999,999,999,0,0,0,1
probe,11,80,99,999,999,999,0,0,0,1
probe,11,83,99,999,999,999,0,0,0,1
probe,11,86,99,999,999,999,0,0,0,1
probe,11,77,102,999,999,999,0,0,0,1
probe,11,80,102,999,999,999,255,255,255,1
probe,11,83,102,999,999,999,255,255,255,1
probe,11,86,102,999,999,999,0,0,0,1
probe,11,77,105,999,999,999,0,0,0,1
probe,11,80,105,999,999,999,0,0,0,1
probe,11,83,105,999,999,999,0,0,0,1
probe,11,86,105,999,999,999,0,0,0,1
probe,11,77,108,999,999,999,0,0,0,1
probe,11,80,108,999,999,999,0,0,0,1
probe,11,83,108,999,999,999,0,0,0,1
probe,11,86,108,999,999,999,0,0,0,1
probe,11,81,103,255,255,255,255,255,255,1
begin,12,page=0,format=2,kind=2
probe,12,160,12,170,0,0,170,0,0,1
probe,12,22,182,0,0,170,0,0,170,1
probe,12,77,99,999,999,999,0,0,0,1
probe,12,80,99,999,999,999,0,0,0,1
probe,12,83,99,999,999,999,0,0,0,1
probe,12,86,99,999,999,999,0,0,0,1
probe,12,77,102,999,999,999,0,0,0,1
probe,12,80,102,999,999,999,0,0,0,1
probe,12,83,102,999,999,999,0,0,0,1
probe,12,86,102,999,999,999,0,0,0,1
probe,12,77,105,999,999,999,0,0,0,1
probe,12,80,105,999,999,999,0,0,0,1
probe,12,83,105,999,999,999,0,0,0,1
probe,12,86,105,999,999,999,0,0,0,1
probe,12,77,108,999,999,999,0,0,0,1
probe,12,80,108,999,999,999,0,0,0,1
probe,12,83,108,999,999,999,0,0,0,1
probe,12,86,108,999,999,999,0,0,0,1
probe,12,81,103,0,0,0,0,0,0,1
begin,13,page=0,format=2,kind=3
probe,13,160,12,170,0,0,170,0,0,1
probe,13,22,182,0,0,170,0,0,170,1
probe,13,77,99,999,999,999,0,0,0,1
probe,13,80,99,999,999,999,0,0,0,1
probe,13,83,99,999,999,999,0,0,0,1
probe,13,86,99,999,999,999,0,0,0,1
probe,13,77,102,999,999,999,0,0,0,1
probe,13,80,102,999,999,999,0,0,0,1
probe,13,83,102,999,999,999,0,0,0,1
probe,13,86,102,999,999,999,0,0,0,1
probe,13,77,105,999,999,999,0,0,0,1
probe,13,80,105,999,999,999,0,0,0,1
probe,13,83,105,999,999,999,0,0,0,1
probe,13,86,105,999,999,999,0,0,0,1
probe,13,77,108,999,999,999,0,0,0,1
probe,13,80,108,999,999,999,0,0,0,1
probe,13,83,108,999,999,999,0,0,0,1
probe,13,86,108,999,999,999,0,0,0,1
probe,13,81,103,0,0,0,0,0,0,1
begin,14,page=0,format=2,kind=4
probe,14,160,12,170,0,0,170,0,0,1
probe,14,22,182,0,0,170,0,0,170,1
probe,14,77,99,999,999,999,0,0,0,1
probe,14,80,99,999,999,999,0,0,0,1
probe,14,83,99,999,999,999,0,0,0,1
probe,14,86,99,999,999,999,0,0,0,1
probe,14,77,102,999,999,999,0,0,0,1
probe,14,80,102,999,999,999,0,0,0,1
probe,14,83,102,999,999,999,0,0,0,1
probe,14,86,102,999,999,999,0,0,0,1
probe,14,77,105,999,999,999,0,0,0,1
probe,14,80,105,999,999,999,0,0,0,1
probe,14,83,105,999,999,999,0,0,0,1
probe,14,86,105,999,999,999,0,0,0,1
probe,14,77,108,999,999,999,0,0,0,1
probe,14,80,108,999,999,999,0,0,0,1
probe,14,83,108,999,999,999,0,0,0,1
probe,14,86,108,999,999,999,0,0,0,1
probe,14,81,103,0,0,0,0,0,0,1
begin,15,page=1,format=0,kind=0
probe,15,160,12,170,0,0,170,0,0,1
probe,15,22,182,0,0,170,0,0,170,1
probe,15,77,99,999,999,999,0,0,0,1
probe,15,80,99,999,999,999,0,0,0,1
probe,15,83,99,999,999,999,0,0,0,1
probe,15,86,99,999,999,999,0,0,0,1
probe,15,77,102,999,999,999,0,0,0,1
probe,15,80,102,999,999,999,255,255,255,1
probe,15,83,102,999,999,999,255,255,255,1
probe,15,86,102,999,999,999,0,0,0,1
probe,15,77,105,999,999,999,0,0,0,1
probe,15,80,105,999,999,999,0,0,0,1
probe,15,83,105,999,999,999,0,0,0,1
probe,15,86,105,999,999,999,0,0,0,1
probe,15,77,108,999,999,999,0,0,0,1
probe,15,80,108,999,999,999,0,0,0,1
probe,15,83,108,999,999,999,0,0,0,1
probe,15,86,108,999,999,999,0,0,0,1
probe,15,81,103,255,255,255,255,255,255,1
begin,16,page=1,format=0,kind=1
probe,16,160,12,170,0,0,170,0,0,1
probe,16,22,182,0,0,170,0,0,170,1
probe,16,77,99,999,999,999,0,0,0,1
probe,16,80,99,999,999,999,0,0,0,1
probe,16,83,99,999,999,999,0,0,0,1
probe,16,86,99,999,999,999,0,0,0,1
probe,16,77,102,999,999,999,0,0,0,1
probe,16,80,102,999,999,999,255,255,255,1
probe,16,83,102,999,999,999,255,255,255,1
probe,16,86,102,999,999,999,0,0,0,1
probe,16,77,105,999,999,999,0,0,0,1
probe,16,80,105,999,999,999,0,0,0,1
probe,16,83,105,999,999,999,0,0,0,1
probe,16,86,105,999,999,999,0,0,0,1
probe,16,77,108,999,999,999,0,0,0,1
probe,16,80,108,999,999,999,0,0,0,1
probe,16,83,108,999,999,999,0,0,0,1
probe,16,86,108,999,999,999,0,0,0,1
probe,16,81,103,255,255,255,255,255,255,1
begin,17,page=1,format=0,kind=2
probe,17,160,12,170,0,0,170,0,0,1
probe,17,22,182,0,0,170,0,0,170,1
probe,17,77,99,999,999,999,0,0,0,1
probe,17,80,99,999,999,999,0,0,0,1
probe,17,83,99,999,999,999,0,0,0,1
probe,17,86,99,999,999,999,0,0,0,1
probe,17,77,102,999,999,999,0,0,0,1
probe,17,80,102,999,999,999,0,0,0,1
probe,17,83,102,999,999,999,0,0,0,1
probe,17,86,102,999,999,999,0,0,0,1
probe,17,77,105,999,999,999,0,0,0,1
probe,17,80,105,999,999,999,0,0,0,1
probe,17,83,105,999,999,999,0,0,0,1
probe,17,86,105,999,999,999,0,0,0,1
probe,17,77,108,999,999,999,0,0,0,1
probe,17,80,108,999,999,999,0,0,0,1
probe,17,83,108,999,999,999,0,0,0,1
probe,17,86,108,999,999,999,0,0,0,1
probe,17,81,103,0,0,0,0,0,0,1
begin,18,page=1,format=0,kind=3
probe,18,160,12,170,0,0,170,0,0,1
probe,18,22,182,0,0,170,0,0,170,1
probe,18,77,99,999,999,999,0,0,0,1
probe,18,80,99,999,999,999,0,0,0,1
probe,18,83,99,999,999,999,0,0,0,1
probe,18,86,99,999,999,999,0,0,0,1
probe,18,77,102,999,999,999,0,0,0,1
probe,18,80,102,999,999,999,0,0,0,1
probe,18,83,102,999,999,999,0,0,0,1
probe,18,86,102,999,999,999,0,0,0,1
probe,18,77,105,999,999,999,0,0,0,1
probe,18,80,105,999,999,999,0,0,0,1
probe,18,83,105,999,999,999,0,0,0,1
probe,18,86,105,999,999,999,0,0,0,1
probe,18,77,108,999,999,999,0,0,0,1
probe,18,80,108,999,999,999,0,0,0,1
probe,18,83,108,999,999,999,0,0,0,1
probe,18,86,108,999,999,999,0,0,0,1
probe,18,81,103,0,0,0,0,0,0,1
begin,19,page=1,format=0,kind=4
probe,19,160,12,170,0,0,170,0,0,1
probe,19,22,182,0,0,170,0,0,170,1
probe,19,77,99,999,999,999,0,0,0,1
probe,19,80,99,999,999,999,0,0,0,1
probe,19,83,99,999,999,999,0,0,0,1
probe,19,86,99,999,999,999,0,0,0,1
probe,19,77,102,999,999,999,0,0,0,1
probe,19,80,102,999,999,999,0,0,0,1
probe,19,83,102,999,999,999,0,0,0,1
probe,19,86,102,999,999,999,0,0,0,1
probe,19,77,105,999,999,999,0,0,0,1
probe,19,80,105,999,999,999,0,0,0,1
probe,19,83,105,999,999,999,0,0,0,1
probe,19,86,105,999,999,999,0,0,0,1
probe,19,77,108,999,999,999,0,0,0,1
probe,19,80,108,999,999,999,0,0,0,1
probe,19,83,108,999,999,999,0,0,0,1
probe,19,86,108,999,999,999,0,0,0,1
probe,19,81,103,0,0,0,0,0,0,1
begin,20,page=1,format=1,kind=0
probe,20,160,12,170,0,0,170,0,0,1
probe,20,22,182,0,0,170,0,0,170,1
probe,20,77,99,999,999,999,0,0,0,1
probe,20,80,99,999,999,999,0,0,0,1
probe,20,83,99,999,999,999,0,0,0,1
probe,20,86,99,999,999,999,0,0,0,1
probe,20,77,102,999,999,999,0,0,0,1
probe,20,80,102,999,999,999,255,255,255,1
probe,20,83,102,999,999,999,255,255,255,1
probe,20,86,102,999,999,999,0,0,0,1
probe,20,77,105,999,999,999,0,0,0,1
probe,20,80,105,999,999,999,0,0,0,1
probe,20,83,105,999,999,999,0,0,0,1
probe,20,86,105,999,999,999,0,0,0,1
probe,20,77,108,999,999,999,0,0,0,1
probe,20,80,108,999,999,999,0,0,0,1
probe,20,83,108,999,999,999,0,0,0,1
probe,20,86,108,999,999,999,0,0,0,1
probe,20,81,103,255,255,255,255,255,255,1
begin,21,page=1,format=1,kind=1
probe,21,160,12,170,0,0,170,0,0,1
probe,21,22,182,0,0,170,0,0,170,1
probe,21,77,99,999,999,999,0,0,0,1
probe,21,80,99,999,999,999,0,0,0,1
probe,21,83,99,999,999,999,0,0,0,1
probe,21,86,99,999,999,999,0,0,0,1
probe,21,77,102,999,999,999,0,0,0,1
probe,21,80,102,999,999,999,255,255,255,1
probe,21,83,102,999,999,999,255,255,255,1
probe,21,86,102,999,999,999,0,0,0,1
probe,21,77,105,999,999,999,0,0,0,1
probe,21,80,105,999,999,999,0,0,0,1
probe,21,83,105,999,999,999,0,0,0,1
probe,21,86,105,999,999,999,0,0,0,1
probe,21,77,108,999,999,999,0,0,0,1
probe,21,80,108,999,999,999,0,0,0,1
probe,21,83,108,999,999,999,0,0,0,1
probe,21,86,108,999,999,999,0,0,0,1
probe,21,81,103,255,255,255,255,255,255,1
begin,22,page=1,format=1,kind=2
probe,22,160,12,170,0,0,170,0,0,1
probe,22,22,182,0,0,170,0,0,170,1
probe,22,77,99,999,999,999,0,0,0,1
probe,22,80,99,999,999,999,0,0,0,1
probe,22,83,99,999,999,999,0,0,0,1
probe,22,86,99,999,999,999,0,0,0,1
probe,22,77,102,999,999,999,0,0,0,1
probe,22,80,102,999,999,999,0,0,0,1
probe,22,83,102,999,999,999,0,0,0,1
probe,22,86,102,999,999,999,0,0,0,1
probe,22,77,105,999,999,999,0,0,0,1
probe,22,80,105,999,999,999,0,0,0,1
probe,22,83,105,999,999,999,0,0,0,1
probe,22,86,105,999,999,999,0,0,0,1
probe,22,77,108,999,999,999,0,0,0,1
probe,22,80,108,999,999,999,0,0,0,1
probe,22,83,108,999,999,999,0,0,0,1
probe,22,86,108,999,999,999,0,0,0,1
probe,22,81,103,0,0,0,0,0,0,1
begin,23,page=1,format=1,kind=3
probe,23,160,12,170,0,0,170,0,0,1
probe,23,22,182,0,0,170,0,0,170,1
probe,23,77,99,999,999,999,0,0,0,1
probe,23,80,99,999,999,999,0,0,0,1
probe,23,83,99,999,999,999,0,0,0,1
probe,23,86,99,999,999,999,0,0,0,1
probe,23,77,102,999,999,999,0,0,0,1
probe,23,80,102,999,999,999,0,0,0,1
probe,23,83,102,999,999,999,0,0,0,1
probe,23,86,102,999,999,999,0,0,0,1
probe,23,77,105,999,999,999,0,0,0,1
probe,23,80,105,999,999,999,0,0,0,1
probe,23,83,105,999,999,999,0,0,0,1
probe,23,86,105,999,999,999,0,0,0,1
probe,23,77,108,999,999,999,0,0,0,1
probe,23,80,108,999,999,999,0,0,0,1
probe,23,83,108,999,999,999,0,0,0,1
probe,23,86,108,999,999,999,0,0,0,1
probe,23,81,103,0,0,0,0,0,0,1
begin,24,page=1,format=1,kind=4
probe,24,160,12,170,0,0,170,0,0,1
probe,24,22,182,0,0,170,0,0,170,1
probe,24,77,99,999,999,999,0,0,0,1
probe,24,80,99,999,999,999,0,0,0,1
probe,24,83,99,999,999,999,0,0,0,1
probe,24,86,99,999,999,999,0,0,0,1
probe,24,77,102,999,999,999,0,0,0,1
probe,24,80,102,999,999,999,0,0,0,1
probe,24,83,102,999,999,999,0,0,0,1
probe,24,86,102,999,999,999,0,0,0,1
probe,24,77,105,999,999,999,0,0,0,1
probe,24,80,105,999,999,999,0,0,0,1
probe,24,83,105,999,999,999,0,0,0,1
probe,24,86,105,999,999,999,0,0,0,1
probe,24,77,108,999,999,999,0,0,0,1
probe,24,80,108,999,999,999,0,0,0,1
probe,24,83,108,999,999,999,0,0,0,1
probe,24,86,108,999,999,999,0,0,0,1
probe,24,81,103,0,0,0,0,0,0,1
begin,25,page=1,format=2,kind=0
probe,25,160,12,170,0,0,170,0,0,1
probe,25,22,182,0,0,170,0,0,170,1
probe,25,77,99,999,999,999,0,0,0,1
probe,25,80,99,999,999,999,0,0,0,1
probe,25,83,99,999,999,999,0,0,0,1
probe,25,86,99,999,999,999,0,0,0,1
probe,25,77,102,999,999,999,0,0,0,1
probe,25,80,102,999,999,999,255,255,255,1
probe,25,83,102,999,999,999,255,255,255,1
probe,25,86,102,999,999,999,0,0,0,1
probe,25,77,105,999,999,999,0,0,0,1
probe,25,80,105,999,999,999,0,0,0,1
probe,25,83,105,999,999,999,0,0,0,1
probe,25,86,105,999,999,999,0,0,0,1
probe,25,77,108,999,999,999,0,0,0,1
probe,25,80,108,999,999,999,0,0,0,1
probe,25,83,108,999,999,999,0,0,0,1
probe,25,86,108,999,999,999,0,0,0,1
probe,25,81,103,255,255,255,255,255,255,1
begin,26,page=1,format=2,kind=1
probe,26,160,12,170,0,0,170,0,0,1
probe,26,22,182,0,0,170,0,0,170,1
probe,26,77,99,999,999,999,0,0,0,1
probe,26,80,99,999,999,999,0,0,0,1
probe,26,83,99,999,999,999,0,0,0,1
probe,26,86,99,999,999,999,0,0,0,1
probe,26,77,102,999,999,999,0,0,0,1
probe,26,80,102,999,999,999,255,255,255,1
probe,26,83,102,999,999,999,255,255,255,1
probe,26,86,102,999,999,999,0,0,0,1
probe,26,77,105,999,999,999,0,0,0,1
probe,26,80,105,999,999,999,0,0,0,1
probe,26,83,105,999,999,999,0,0,0,1
probe,26,86,105,999,999,999,0,0,0,1
probe,26,77,108,999,999,999,0,0,0,1
probe,26,80,108,999,999,999,0,0,0,1
probe,26,83,108,999,999,999,0,0,0,1
probe,26,86,108,999,999,999,0,0,0,1
probe,26,81,103,255,255,255,255,255,255,1
begin,27,page=1,format=2,kind=2
probe,27,160,12,170,0,0,170,0,0,1
probe,27,22,182,0,0,170,0,0,170,1
probe,27,77,99,999,999,999,0,0,0,1
probe,27,80,99,999,999,999,0,0,0,1
probe,27,83,99,999,999,999,0,0,0,1
probe,27,86,99,999,999,999,0,0,0,1
probe,27,77,102,999,999,999,0,0,0,1
probe,27,80,102,999,999,999,0,0,0,1
probe,27,83,102,999,999,999,0,0,0,1
probe,27,86,102,999,999,999,0,0,0,1
probe,27,77,105,999,999,999,0,0,0,1
probe,27,80,105,999,999,999,0,0,0,1
probe,27,83,105,999,999,999,0,0,0,1
probe,27,86,105,999,999,999,0,0,0,1
probe,27,77,108,999,999,999,0,0,0,1
probe,27,80,108,999,999,999,0,0,0,1
probe,27,83,108,999,999,999,0,0,0,1
probe,27,86,108,999,999,999,0,0,0,1
probe,27,81,103,0,0,0,0,0,0,1
begin,28,page=1,format=2,kind=3
probe,28,160,12,170,0,0,170,0,0,1
probe,28,22,182,0,0,170,0,0,170,1
probe,28,77,99,999,999,999,0,0,0,1
probe,28,80,99,999,999,999,0,0,0,1
probe,28,83,99,999,999,999,0,0,0,1
probe,28,86,99,999,999,999,0,0,0,1
probe,28,77,102,999,999,999,0,0,0,1
probe,28,80,102,999,999,999,0,0,0,1
probe,28,83,102,999,999,999,0,0,0,1
probe,28,86,102,999,999,999,0,0,0,1
probe,28,77,105,999,999,999,0,0,0,1
probe,28,80,105,999,999,999,0,0,0,1
probe,28,83,105,999,999,999,0,0,0,1
probe,28,86,105,999,999,999,0,0,0,1
probe,28,77,108,999,999,999,0,0,0,1
probe,28,80,108,999,999,999,0,0,0,1
probe,28,83,108,999,999,999,0,0,0,1
probe,28,86,108,999,999,999,0,0,0,1
probe,28,81,103,0,0,0,0,0,0,1
begin,29,page=1,format=2,kind=4
probe,29,160,12,170,0,0,170,0,0,1
probe,29,22,182,0,0,170,0,0,170,1
probe,29,77,99,999,999,999,0,0,0,1
probe,29,80,99,999,999,999,0,0,0,1
probe,29,83,99,999,999,999,0,0,0,1
probe,29,86,99,999,999,999,0,0,0,1
probe,29,77,102,999,999,999,0,0,0,1
probe,29,80,102,999,999,999,0,0,0,1
probe,29,83,102,999,999,999,0,0,0,1
probe,29,86,102,999,999,999,0,0,0,1
probe,29,77,105,999,999,999,0,0,0,1
probe,29,80,105,999,999,999,0,0,0,1
probe,29,83,105,999,999,999,0,0,0,1
probe,29,86,105,999,999,999,0,0,0,1
probe,29,77,108,999,999,999,0,0,0,1
probe,29,80,108,999,999,999,0,0,0,1
probe,29,83,108,999,999,999,0,0,0,1
probe,29,86,108,999,999,999,0,0,0,1
probe,29,81,103,0,0,0,0,0,0,1
complete,cases=30,probes=570,failures=0,elapsed_ticks=18312
