symbol,address_hex,code_bytes
_emos_cmd,0x003513,3925
_displayDirectory,0x00aea9,3246
_f_open,0x0120e1,2586
_resolvePath,0x00e2cf,2507
_mount_volume,0x011751,2448
_npf_vpprintf,0x019d7e,2185
_f_printf,0x017e7a,1958
_mos_EDITLINE,0x00d046,1870
_follow_path,0x012afb,1791
_getLengthForResolvedPath,0x00dd87,1352
_dir_register,0x0131fa,1351
_mos_exec,0x0079c7,1256
_f_getcwd,0x014c9a,1216
_f_mkdir,0x016ded,1157
_gsRead,0x00fba9,1150
_mos_REN,0x009361,1125
_f_write,0x013f83,1111
_f_rename,0x0173c6,1019
_f_lseek,0x015c70,991
_umm_multi_realloc,0x01950b,952
_qsort,0x01abc2,920
_emos_gateway,0x002dc8,895
_get_fileinfo,0x015900,880
_f_read,0x013bac,866
_create_chain,0x0143da,862
_substituteArgs,0x01073a,826
_dir_find,0x0187fd,816
_f_unlink,0x016a1d,789
_emos_uart_flow,0x0063b7,785
_mos_cmdOBEY,0x008a31,776
_mos_DIRFallback,0x00abb9,752
_dir_read,0x015395,736
_put_fat,0x018b2d,735
_emos_parallel_engine_write,0x005d20,715
_text_exchange,0x006d83,702
_mos_COPY,0x009834,692
_strtol,0x01b06d,690
_f_getfree,0x016636,657
_emos_keyboard_select,0x004edc,655
_dir_next,0x015675,651
_umm_malloc_core,0x019285,646
_get_fat,0x013928,644
_mos_cmdDEL,0x008e78,642
_pattern_match,0x016305,626
_insertString,0x00ca3c,623
_emos_sdlink_gateway,0x00615e,601
_mos_cmdHELP,0x00a6fe,589
_f_setlabel,0x01795f,587
_emos_general_poll,0x006a3b,574
_dir_sdi,0x01515a,571
_emos_request_mode,0x00327d,558
_extractNumber,0x0100ae,548
_mos_cmdHOTKEY,0x008383,533
_setVarVal,0x00f41b,530
_getDirectoryForPath,0x00db4e,524
_emos_uart_probe,0x0067cb,519
_check_fs,0x018620,477
_emos_console_packet,0x0044ba,473
_resolveRelativePath,0x00ec9a,450
_sync_fs,0x014914,450
_main,0x0028ba,422
_mos_runOrLoadFile,0x007746,416
_f_getlabel,0x0177c1,414
_emos_keyboard_text,0x005368,409
_printCommandInfo,0x00a567,407
_readVarVal,0x00f791,389
_f_opendir,0x01604f,387
_mos_setupSystemVariables,0x00c782,367
_countDirEntries,0x00aa0d,364
_mos_TYPE,0x00a397,355
_pmatch,0x010dbf,355
_expandVariable,0x00f916,351
_ff_wtoupper,0x018f22,349
_extractString,0x0103c5,344
_f_truncate,0x0168c7,342
_writeDate,0x00c412,342
_dir_clear,0x017272,340
_mos_DIR,0x007fb8,336
_f_chdir,0x014b4b,335
_mos_cmdTIME,0x009fe8,330
_escapeString,0x01051d,327
_remove_chain,0x013741,325
_mos_cmdIF,0x00860b,324
_handleHotkey,0x00ce39,317
_emos_keyboard_layout,0x005237,305
_mos_cmdIFTHERE,0x00874f,305
_emos_parallel_epoch_enter,0x00573c,301
_mos_I2C_READ,0x00720e,301
_f_sync,0x0147ed,295
_mos_I2C_WRITE,0x0070ee,288
_mos_cmdMEM,0x00a20b,286
_umm_heap_stats,0x019c3e,277
_mos_cmdVDU,0x009ed4,276
_mos_cmdPRINTF,0x00822d,275
_copyFile,0x00ef7d,271
_wait_ESP32,0x00264b,266
_mos_cmdSHOW,0x009d6e,260
_mos_EXEC,0x00892f,258
_umm_free_core,0x019165,255
_mos_cmdDIR,0x007ebf,249
_emos_parallel_engine_configure,0x005b94,243
_gsTrans,0x0102d2,243
_updateSystemVariable,0x00f279,243
_mos_runBinFile,0x007593,229
_writeTime,0x00c5d5,226
_mos_execAlias,0x0078e6,225
_open_UART1,0x0110b1,225
_isDirectory,0x00d9fc,223
_evaluateExpression,0x00f62d,219
_editHistoryPush,0x00d794,218
_umm_assimilate_up,0x0198c3,213
_cleanup,0x004cbb,212
_emos_parallel_wait_ready,0x006038,210
_emos_keyboard_dispatch,0x004e0b,209
_findTermStart,0x00cf76,208
_get_fattime,0x01158f,206
_mos_LOAD,0x007678,206
_rainbow_msg,0x00278d,203
_insertCharacter,0x00c979,195
_uart1_keyboard_open,0x0112f6,194
_mos_cmdSETEVAL,0x009bf8,193
_dir_remove,0x016d32,187
_rtc_unpack,0x002a9e,187
_umm_split_block,0x019ac5,187
_wait_reply,0x0048f5,187
_open_UART0,0x010ff7,186
_emos_console_prepare,0x0046ea,182
_mos_trim,0x00744b,182
_exchange,0x0047a0,181
_sync_window,0x014738,181
_ff_uni2oem,0x018e0c,179
_getSystemVariable,0x00f08c,175
_mos_SAVE,0x008dc9,175
_gsInit,0x00fa75,173
_emos_text_valid,0x006c79,171
_emos_console_notice,0x004aa9,170
_stristr,0x010bdd,170
_dir_alloc,0x017baa,167
_umm_multi_init_heap,0x01907f,167
_editHistorySet,0x00d957,165
_f_gets,0x017c51,165
_mos_SETRTC,0x00a132,162
_move_window,0x013886,162
_mos_FCLOSE,0x00bdce,161
_emos_console_commit,0x004855,160
_f_readdir,0x0161fc,157
_isMoslet,0x00ee5c,156
_umm_disconnect_from_free_list,0x019998,156
_emos_application_enter,0x0031cb,155
_emos_parallel_write_stream,0x005922,153
_getArgument,0x0106a1,153
_mos_cmdRUN,0x009151,152
_sprintf,0x01a617,151
_mos_FOPEN,0x00bd38,150
_mos_DEL,0x00bb98,148
_deleteCharacter,0x00ccab,146
_console_crc,0x004b53,145
_umm_assimilate_down,0x019a34,145
_emos_parallel_init,0x0056ac,144
_f_mount,0x01165d,144
_mos_cmdSAVE,0x008d39,144
_npf_utoa_rev,0x01a6ae,144
_f_stat,0x0165a7,143
_createSystemVariable,0x00f13b,141
_strncasecmp,0x010b50,141
_init_timer0,0x010f22,138
_expandMacro,0x00f708,137
_mos_cmdTRY,0x00811e,137
_createOrUpdateSystemVariable,0x00f1f1,136
_gsDispose,0x00fb22,135
_gsPop,0x010027,135
_mos_cmdECHO,0x0081a7,134
_mos_cmdSET,0x009b72,134
_emos_keyboard_send,0x0055a7,133
_getResolvedPath,0x00eef8,133
_putc_bfd,0x017d36,131
_writeYear,0x00c323,130
_rtc_formatDateTime,0x002b59,128
_rtc_formatDate,0x002bd9,127
_emos_keyboard_tick,0x004d8f,124
_readYear,0x00c2ad,118
_validate,0x013f0e,117
_silence,0x006757,116
_mos_cmdLOAD,0x008880,115
_printEscapedString,0x008598,115
_emos_parallel_epoch_leave,0x0058b1,113
_mos_cmdSETMACRO,0x009cb9,113
_substituteArguments,0x010a74,113
_editHistoryDown,0x00d8b6,112
_publish,0x004c08,112
_emos_parallel_ez80_read_ticks,0x005b25,111
_mos_FGETC,0x00be6f,111
_mos_cmdCOPY,0x0097c6,110
_mos_cmdREN,0x0092f3,110
_rtc_dayFromName,0x002cf3,110
_rtc_monthFromName,0x002c85,110
_step,0x0066e9,110
_mos_runBin,0x007501,109
_readDate,0x00c3a5,109
_readTime,0x00c568,109
_f_findnext,0x016299,108
_removeSystemVariable,0x00f36c,108
_strcasecmp,0x010ae5,107
_emos_keyboard_transport_claim,0x005501,106
_clock_step,0x0069d2,105
_mos_COPY_API,0x00bc95,105
_mos_REN_API,0x00bc2c,105
_fat_getfree,0x00c1d4,103
_putc_flush,0x017db9,103
_mos_getCommand,0x0073e6,101
_writeVDPSetting,0x00c6b7,101
_emos_console_publish,0x0049b0,100
_get_ldnumber,0x0116ed,100
_ff_oem2uni,0x018ebf,99
_mos_cmdUNSET,0x009e72,98
_emos_identity_valid,0x003147,96
_mos_CD,0x009293,96
_mos_input,0x007386,96
_emos_text_probe,0x006d24,95
_getFilepathLeafname,0x00daf1,93
_f_puts,0x017e20,90
_setting,0x0051bb,89
_effect,0x004693,87
_mos_cmdRUNBIN,0x0091e9,86
_removeEditLine,0x00cde6,83
_emos_select_fake,0x004468,82
_gotoEditLineStart,0x00cd53,81
_deadline_step,0x00516b,80
_mos_strndup,0x010d6f,80
_release_key,0x00565c,80
_writeKeyboard,0x00c71c,80
_mos_mount,0x00a518,79
_bootmsg,0x002858,78
_emos_parallel_engine_open,0x005c87,78
_mos_MKDIR,0x009b24,78
_uart1_try_put,0x0112a8,78
_readCWD,0x00c260,77
_uart1_claim_rts,0x0111d4,76
_emos_parallel_engine_close,0x005cd5,75
_editHistoryUp,0x00d86e,72
_SD_readBlocks_API,0x011481,71
_SD_writeBlocks_API,0x0114c8,71
_SD_getUnlockCode,0x011419,70
_emos_console_recover,0x004a14,70
_mos_GETFIL,0x00bede,70
_mos_strcspn,0x010ce3,70
_mos_strspn,0x010d29,70
_mos_FREAD,0x00bf68,69
_mos_FWRITE,0x00bfad,69
_uart1_try_get,0x011263,69
_autoPageOutput,0x009d2a,68
_mos_GETERROR,0x00c06f,68
_mos_LOAD_API,0x00a94b,68
_mos_SAVE_API,0x00a98f,68
_readPalette,0x00c91f,68
_umm_multi_calloc,0x019b80,68
_findParentSystemVariable,0x00f3d8,67
_uart1_keyboard_close,0x0113cd,67
_uart1_receive_ready,0x011220,67
_xdigit_to_int,0x008340,67
_close_UART1,0x011192,66
_emos_parallel_route_enter,0x005a0d,66
_gotoEditLineEnd,0x00cda4,66
_cmp_filinfo,0x00bb57,65
_f_putc,0x017cf6,64
_mos_DIR_API,0x00ab79,64
_mos_cmdJMP,0x0090fa,64
_emos_sdlink_packet,0x00611f,63
_umm_multi_free,0x019126,63
_rtc_update,0x002a60,62
_expandVariableToken,0x010664,61
_emos_adapter_ready,0x0034d7,60
_emos_init,0x002d6d,60
_emos_keyboard_transport_release,0x00556b,60
_f_chdrive,0x014b0f,60
_mos_cmdCD,0x009257,60
_mos_cmdEXEC,0x0088f3,60
_mos_cmdMKDIR,0x009ae8,60
_mos_cmdTYPE,0x00a35b,60
_mos_CD_API,0x00a9d3,58
_mos_MKDIR_API,0x00bcfe,58
_f_close,0x014ad6,57
_mos_GETRTC,0x00a1d4,55
_mos_error,0x00733b,54
_mos_strdup,0x010cad,54
_mos_FEOF,0x00c03a,53
_mos_OSCLI,0x00c0b3,52
_fat_lseek,0x00c1a1,51
_fat_size,0x00c162,50
_fat_tell,0x00c130,50
_mos_I2C_OPEN,0x0070ae,50
_mos_cmdCREDITS,0x00a329,50
_editHistoryInit,0x00d926,49
_init_interrupts,0x002755,49
_emos_console_write_stream,0x004a5a,48
_f_findfirst,0x016577,48
_transmit_block,0x00562c,48
_emos_parallel_uart1_guard_acquire,0x005aaa,47
_mos_UNPACKRTC,0x00c0e7,47
_emos_parallel_generation_next,0x00600a,46
_getModeInformation,0x00c8f1,46
_checkAttribute,0x00dd5a,45
_disk_read,0x01152b,45
_disk_write,0x011558,45
_emos_parallel_release_local_pins,0x005884,45
_rtc_formatTime,0x002c58,45
_emos_adapter_recover,0x0034ab,44
_emos_keyboard_fault,0x004c8f,44
_mos_FLSEEK,0x00bff2,43
_printf,0x019d53,43
_emos_parallel_last_fault,0x0059de,42
_f_closedir,0x0161d2,42
_insertSystemVariable,0x00f1c8,41
_emos_parallel_ez80_write_control,0x005afe,39
_mos_strnlen,0x010c87,38
_mos_execMode,0x00756e,37
_npf_bufputc,0x01a73e,37
_wait_VDP,0x00c23b,37
_emos_keyboard_mainboard,0x004be4,36
_emos_zero,0x0031a7,36
_emos_parallel_write_byte,0x0059bb,35
_transmit,0x005214,35
_SD_init_API,0x01145f,34
_fat_EOF,0x00bf24,34
_mos_FPUTC,0x00bf46,34
_ready,0x0066c8,33
_umm_multi_malloc,0x019264,33
_emos_console_write_byte,0x004a8a,31
_emos_parallel_engine_fault,0x005feb,31
_emos_print_identity,0x002da9,31
_I2C_setfrequency,0x00705e,29
_emos_visible_text,0x007041,29
_mos_FLSEEKP,0x00c01d,29
_I2C_handletimeout,0x007093,27
_emos_parallel_ensure_initialized,0x005869,27
_emos_parallel_route_write_stream,0x005a62,26
_enable_timer0,0x010fac,26
_mos_SETINTVECTOR,0x00c116,26
_umm_calloc,0x019bf4,26
_umm_init_heap,0x019bc4,26
_umm_realloc,0x019c0e,26
_emos_parallel_route_owned,0x005a92,24
_init_I2C,0x00707b,24
_mos_cmdRUNFILE,0x00923f,24
_emos_keyboard_mainboard_settings,0x004c78,23
_mos_cmdLOADFILE,0x00913a,23
_emos_parallel_route_write_byte,0x005a7c,22
_getFilepathPrefixEnd,0x00dadb,22
_mos_cmdDO,0x008108,22
_umm_free,0x019c28,22
_umm_malloc,0x019bde,22
_waitKey,0x00cd3d,22
_writeConsole,0x00c76c,22
_emos_sdlink_reset,0x00610a,21
_mos_getkey,0x007371,21
_uart1_keyboard_stop,0x0113b8,21
_disk_initialize,0x011517,20
_mos_cmdCLS,0x00a4fa,20
_shiftPressed,0x0028a6,20
_emos_parallel_route_leave,0x005a4f,19
_emos_application_leave,0x003266,18
_emos_parallel_ez80_read_ready,0x005adf,18
_init_UART0,0x010fd5,17
_init_UART1,0x010fe6,17
_firmware_putc,0x01a607,16
_mos_cmdDISC,0x007eaf,16
_get_timer0,0x010fc6,15
_mos_I2C_CLOSE,0x0070e0,14
_emos_parallel_ez80_write_data,0x005af1,13
_fat_error,0x00c194,13
_emos_read24,0x002d61,12
_doLeftCursor,0x00c963,11
_doRightCursor,0x00c96e,11
_disk_ioctl,0x011585,10
_mos_cmdMOUNT,0x00a50e,10
_uart1_keyboard_irq_done,0x011410,9
_disk_status,0x01150f,8
_npf_bufputc_nop,0x01a763,7
_quickrand,0x002786,7
_emos_parallel_uart1_guard_release,0x005ad9,6
_emos_get_mode,0x003278,5
_emos_parallel_epoch_owned,0x005a08,5
