# build=uart-path-benchmark-r03-b2026-09-10-18-21-38Z;status=draft
# emos=agon-emos-v0.1.12-b2026-09-10-03-50-35Z;edp=uart-excom-console-r07-b2026-09-10-06-31-58Z;mainboard_vdp=2.16.0
# mode=suite;baud=1152000;clock_units_per_second=120;clock_resolution_units=2
# browser=one_visible_connected_client_operator_required;entries_include_caller_cost
# completion_deadline_ticks=600;max_wait_calls=24;probe_retains_first_timeout=1
row,repeat,route,entry,payload,chunks,bytes,t0,t1,t2,send_ticks,tail_ticks,total_ticks,send_status,reply_status,pixel_r,pixel_g,pixel_b,pixel_index,mode,width,height,colours,valid,setup_first_status,setup_reply_ticks,first_reply_status,reply_wait_ticks
1,1,legacy,byte,null,512,32768,1182,1332,1332,150,0,150,0,0,0,0,0,0,0,640,480,16,1,0,4,0,0
2,1,legacy,byte,points,512,32768,1350,1472,1474,122,2,124,0,0,255,255,255,15,0,640,480,16,1,0,8,0,2
3,1,legacy,count,null,512,32768,1486,1634,1636,148,2,150,0,0,0,0,0,0,0,640,480,16,1,0,2,0,2
4,1,legacy,count,points,512,32768,1646,1770,1770,124,0,124,0,0,255,255,255,15,0,640,480,16,1,0,2,0,0
5,1,legacy,delimiter,null,512,32768,1788,1936,1938,148,2,150,0,0,0,0,0,0,0,640,480,16,1,0,6,0,2
6,1,legacy,delimiter,points,512,32768,1954,2078,2078,124,0,124,0,0,255,255,255,15,0,640,480,16,1,0,6,0,0
7,1,legacy,cli-putch,null,512,32768,2090,4032,4032,1942,0,1942,0,0,0,0,0,0,0,640,480,16,1,0,4,0,0
8,1,legacy,cli-putch,points,512,32768,4044,6188,6188,2144,0,2144,0,0,255,255,255,15,0,640,480,16,1,0,2,0,0
9,1,excom,byte,null,512,32768,6284,6722,6786,438,64,502,0,0,0,0,0,0,0,640,480,16,1,15,82,15,64
10,1,excom,byte,points,512,32768,6878,7432,7516,554,84,638,0,0,255,255,255,15,0,640,480,16,1,15,82,15,84
11,1,excom,count,null,512,32768,7606,8110,8194,504,84,588,0,0,0,0,0,0,0,640,480,16,1,15,64,15,84
12,1,excom,count,points,512,32768,8284,8830,8916,546,86,632,0,0,255,255,255,15,0,640,480,16,1,15,66,15,86
13,1,excom,delimiter,null,512,32768,9004,9478,9524,474,46,520,0,0,0,0,0,0,0,640,480,16,1,15,66,15,46
14,1,excom,delimiter,points,512,32768,9610,10156,10244,546,88,634,0,0,255,255,255,15,0,640,480,16,1,15,64,15,88
15,1,excom,cli-putch,null,512,32768,10336,12492,12502,2156,10,2166,0,0,0,0,0,0,0,640,480,16,1,15,82,0,10
16,1,excom,cli-putch,points,512,32768,12610,14968,14980,2358,12,2370,0,0,255,255,255,15,0,640,480,16,1,15,82,0,12
17,2,legacy,byte,null,512,32768,15014,15162,15164,148,2,150,0,0,0,0,0,0,0,640,480,16,1,0,2,0,2
18,2,legacy,byte,points,512,32768,15176,15300,15300,124,0,124,0,0,255,255,255,15,0,640,480,16,1,0,2,0,0
19,2,legacy,count,null,512,32768,15312,15462,15462,150,0,150,0,0,0,0,0,0,0,640,480,16,1,0,4,0,0
20,2,legacy,count,points,512,32768,15476,15598,15600,122,2,124,0,0,255,255,255,15,0,640,480,16,1,0,2,0,2
21,2,legacy,delimiter,null,512,32768,15612,15762,15762,150,0,150,0,0,0,0,0,0,0,640,480,16,1,0,2,0,0
22,2,legacy,delimiter,points,512,32768,15780,15902,15904,122,2,124,0,0,255,255,255,15,0,640,480,16,1,0,8,0,2
23,2,legacy,cli-putch,null,512,32768,15920,17860,17860,1940,0,1940,0,0,0,0,0,0,0,640,480,16,1,0,6,0,0
24,2,legacy,cli-putch,points,512,32768,17874,20018,20018,2144,0,2144,0,0,255,255,255,15,0,640,480,16,1,0,2,0,0
25,2,excom,byte,null,512,32768,20104,20492,20556,388,64,452,0,0,0,0,0,0,0,640,480,16,1,15,64,15,64
26,2,excom,byte,points,512,32768,20646,21190,21272,544,82,626,0,0,255,255,255,15,0,640,480,16,1,15,66,15,68
27,2,excom,count,null,512,32768,21362,21696,21764,334,68,402,0,0,0,0,0,0,0,640,480,16,1,15,66,15,68
28,2,excom,count,points,512,32768,21854,22412,22480,558,68,626,0,0,255,255,255,15,0,640,480,16,1,15,64,15,68
29,2,excom,delimiter,null,512,32768,22584,23040,23122,456,82,538,0,0,0,0,0,0,0,640,480,16,1,15,84,15,82
30,2,excom,delimiter,points,512,32768,23216,23768,23852,552,84,636,0,0,255,255,255,15,0,640,480,16,1,15,82,15,84
31,2,excom,cli-putch,null,512,32768,23926,26082,26082,2156,0,2156,0,0,0,0,0,0,0,640,480,16,1,15,64,0,0
32,2,excom,cli-putch,points,512,32768,26170,28528,28530,2358,2,2360,0,0,255,255,255,15,0,640,480,16,1,15,64,0,2
33,3,legacy,byte,null,512,32768,28564,28712,28714,148,2,150,0,0,0,0,0,0,0,640,480,16,1,0,2,0,2
34,3,legacy,byte,points,512,32768,28726,28848,28848,122,0,122,0,0,255,255,255,15,0,640,480,16,1,0,4,0,0
35,3,legacy,count,null,512,32768,28864,29012,29014,148,2,150,0,0,0,0,0,0,0,640,480,16,1,0,8,0,2
36,3,legacy,count,points,512,32768,29026,29148,29150,122,2,124,0,0,255,255,255,15,0,640,480,16,1,0,2,0,2
37,3,legacy,delimiter,null,512,32768,29162,29312,29312,150,0,150,0,0,0,0,0,0,0,640,480,16,1,0,2,0,0
38,3,legacy,delimiter,points,512,32768,29330,29452,29454,122,2,124,0,0,255,255,255,15,0,640,480,16,1,0,8,0,2
39,3,legacy,cli-putch,null,512,32768,29468,31410,31410,1942,0,1942,0,0,0,0,0,0,0,640,480,16,1,0,6,0,0
40,3,legacy,cli-putch,points,512,32768,31422,33566,33566,2144,0,2144,0,0,255,255,255,15,0,640,480,16,1,0,2,0,0
41,3,excom,byte,null,512,32768,33658,34136,34198,478,62,540,0,0,0,0,0,0,0,640,480,16,1,15,80,15,62
42,3,excom,byte,points,512,32768,34288,34836,34914,548,78,626,0,0,255,255,255,15,0,640,480,16,1,15,64,15,78
43,3,excom,count,null,512,32768,35002,35388,35472,386,84,470,0,0,0,0,0,0,0,640,480,16,1,15,66,15,68
44,3,excom,count,points,512,32768,35562,36108,36200,546,92,638,0,0,255,255,255,15,0,640,480,16,1,15,66,15,92
45,3,excom,delimiter,null,512,32768,36290,36710,36744,420,34,454,0,0,0,0,0,0,0,640,480,16,1,15,66,15,34
46,3,excom,delimiter,points,512,32768,36834,37392,37470,558,78,636,0,0,255,255,255,15,0,640,480,16,1,15,64,15,78
47,3,excom,cli-putch,null,512,32768,37560,39716,39716,2156,0,2156,0,0,0,0,0,0,0,640,480,16,1,15,66,0,0
48,3,excom,cli-putch,points,512,32768,39806,42164,42164,2358,0,2358,0,0,255,255,255,15,0,640,480,16,1,15,66,0,0
# complete;rows=48;status=0;legacy_return=0
